R_AB,E_VQE,E_HF,E_qiskit_tot,E_exacta
8.940144439187029946e-01,-2.322240325933906835e+00,-2.853891196874006386e+00,-2.862531645194300811e+00,-2.862531651125268528e+00
9.040144439187030034e-01,-2.290885518710191082e+00,-2.854128658489613724e+00,-2.862656944844171658e+00,-2.862657028495893652e+00
9.140144439187030123e-01,-2.364920762436067747e+00,-2.854282332094725927e+00,-2.862694685443765596e+00,-2.862694768073623219e+00
9.240144439187030212e-01,-2.411228337950129585e+00,-2.854358127445259186e+00,-2.862650875069921330e+00,-2.862650956456789242e+00
9.340144439187030301e-01,-2.437580613623871351e+00,-2.854361616980692240e+00,-2.862531269346584750e+00,-2.862531349241122847e+00
