R_AB,E_VQE,E_HF,E_qiskit_tot,E_exacta
8.940144439187029946e-01,-2.860740621778987691e+00,-2.853891196874004610e+00,-2.862531645198899799e+00,-2.862531651125263199e+00
9.040144439187030034e-01,-2.860239746110713188e+00,-2.854128658489611947e+00,-2.862656944844659268e+00,-2.862657028495893652e+00
9.140144439187030123e-01,-2.861064821754931931e+00,-2.854282332094725039e+00,-2.862694685457482624e+00,-2.862694768073620555e+00
9.240144439187030212e-01,-2.861423755597078955e+00,-2.854358127445257409e+00,-2.862650875027483277e+00,-2.862650956456785689e+00
9.340144439187030301e-01,-2.858924865703081686e+00,-2.854361616980692240e+00,-2.862531269337623918e+00,-2.862531349241127288e+00
