R_AB,theta_0,theta_1,theta_2,theta_3,theta_4
8.940144439187029946e-01,-3.810794414784628246e-03,-2.301177954777756940e-02,1.012391306481597551e-03,4.178344743715355428e-03,-6.789586091088425923e-02
9.040144439187030034e-01,-1.627613993346076551e-02,-1.291761510186781141e-02,-2.104759440158864708e-02,-9.467709050652131295e-03,-7.744556979072265979e-02
9.140144439187030123e-01,-1.848232186998946883e-02,-1.089961549539879629e-02,-9.958972719208532970e-03,-1.001413363868028025e-02,-7.965546032649950536e-02
9.240144439187030212e-01,-1.046196196325720022e-02,-8.247061535074477756e-03,-6.095923281025698859e-03,-1.035464198824447707e-02,-7.082383399846783889e-02
9.340144439187030301e-01,-1.244779543578409219e-02,-7.894079331219914369e-03,-9.469046403303232884e-03,-9.093810523122389938e-03,-7.222943649378404940e-02
