R_AB,theta_0,theta_1,theta_2,theta_3,theta_4
8.940144439187029946e-01,-1.113265094045625195e-02,-1.062474590713664716e-03,-9.281105455692894440e-03,-1.317901014977608011e-02,-8.180058561399929096e-02
9.040144439187030034e-01,-1.396670428767662377e-02,-5.319119704051288380e-03,-1.409867047244339928e-02,-1.404422519886775952e-02,-7.943820335239543118e-02
9.140144439187030123e-01,-1.906612777238245182e-02,-1.071984420394908773e-02,-1.314792452806430763e-02,-1.444632776661930462e-02,-7.169059254219933841e-02
9.240144439187030212e-01,-9.237067824297852045e-03,-1.083503764474244742e-02,7.696521648294985841e-03,-3.885590535282544382e-03,-7.313314973016833698e-02
9.340144439187030301e-01,-1.410008776703475415e-02,8.229103053222015102e-03,5.913663753548312717e-03,-1.799671939164988743e-02,-8.132863166575929337e-02
